month,day,year,hour,minute,gage
6,19,2021,13,57,1
6,24,2021,15,21,2
6,24,2021,15,26,3
6,24,2021,15,31,4
6,24,2021,15,37,5
6,24,2021,15,43,6
6,24,2021,15,48,7
6,24,2021,16,36,8
6,24,2021,16,40,9
6,24,2021,16,44,10
6,24,2021,16,55,11
6,25,2021,10,42,12
6,25,2021,14,48,13
6,25,2021,15,2,14
6,25,2021,15,4,15
6,25,2021,15,5,16
6,25,2021,15,5,17
6,25,2021,15,7,18
6,25,2021,15,7,19
6,25,2021,15,9,20
6,25,2021,15,14,21
6,25,2021,19,5,22
6,25,2021,19,33,23
6,25,2021,19,43,24
6,25,2021,19,47,25
6,25,2021,19,50,26
6,25,2021,19,55,27
6,25,2021,21,22,28
6,25,2021,21,27,29
6,25,2021,21,34,30
6,25,2021,21,43,31
6,25,2021,23,8,32
6,26,2021,0,0,33
6,26,2021,11,18,34
6,26,2021,11,21,35
6,26,2021,11,30,36
6,26,2021,11,32,37
6,26,2021,11,34,38
6,26,2021,11,36,39
6,26,2021,11,41,40
6,26,2021,11,45,41
6,26,2021,12,4,42
6,26,2021,13,5,43
6,26,2021,13,16,44
6,26,2021,13,24,45
6,26,2021,13,29,46
6,26,2021,17,17,47
6,27,2021,16,22,48
6,27,2021,16,26,49
6,27,2021,16,33,50
6,27,2021,20,19,51
6,27,2021,20,36,52
6,30,2021,13,26,53
6,30,2021,13,30,54
6,30,2021,13,32,55
6,30,2021,13,33,56
6,30,2021,13,34,57
6,30,2021,13,35,58
6,30,2021,13,36,59
6,30,2021,13,36,60
6,30,2021,13,37,61
6,30,2021,13,37,62
6,30,2021,13,38,63
6,30,2021,13,38,64
6,30,2021,13,39,65
6,30,2021,13,39,66
6,30,2021,13,40,67
6,30,2021,13,40,68
6,30,2021,13,41,69
6,30,2021,13,41,70
6,30,2021,13,42,71
6,30,2021,13,42,72
6,30,2021,13,43,73
6,30,2021,13,43,74
6,30,2021,13,44,75
6,30,2021,13,44,76
6,30,2021,13,44,77
6,30,2021,13,45,78
6,30,2021,13,45,79
6,30,2021,13,45,80
6,30,2021,13,46,81
6,30,2021,13,46,82
6,30,2021,13,47,83
6,30,2021,13,47,84
6,30,2021,13,48,85
6,30,2021,13,50,86
6,30,2021,13,51,87
6,30,2021,13,52,88
6,30,2021,13,53,89
6,30,2021,13,59,90
6,30,2021,16,10,91
6,30,2021,16,11,92
6,30,2021,16,17,93
7,1,2021,7,16,94
7,2,2021,16,38,95
7,2,2021,16,59,96
7,2,2021,17,9,97
7,2,2021,17,22,98
7,5,2021,15,27,99
7,5,2021,15,30,100
7,5,2021,15,37,101
7,5,2021,15,43,102
7,5,2021,15,53,103
7,5,2021,16,55,104
7,5,2021,17,6,105
7,5,2021,17,9,106
7,5,2021,17,11,107
7,5,2021,17,14,108
7,5,2021,17,16,109
7,5,2021,17,23,110
7,5,2021,17,31,111
7,5,2021,17,37,112
7,5,2021,20,55,113
7,5,2021,21,14,114
7,8,2021,18,24,115
7,8,2021,18,28,116
7,14,2021,14,17,117
7,14,2021,14,20,118
7,14,2021,16,4,119
7,14,2021,17,40,120
7,14,2021,17,41,121
7,14,2021,17,43,122
7,14,2021,17,50,123
7,14,2021,17,55,124
7,14,2021,18,2,125
7,14,2021,18,9,126
7,14,2021,18,16,127
7,14,2021,18,29,128
7,15,2021,8,57,129
7,16,2021,15,29,130
7,16,2021,15,40,131
7,17,2021,12,50,132
7,17,2021,12,51,133
7,17,2021,13,36,134
7,17,2021,14,4,135
7,17,2021,14,10,136
7,17,2021,14,28,137
7,17,2021,14,50,138
7,20,2021,16,36,139
7,20,2021,16,38,140
7,20,2021,16,40,141
7,20,2021,16,47,142
7,20,2021,16,48,143
7,20,2021,16,51,144
7,20,2021,16,55,145
7,20,2021,17,4,146
7,20,2021,20,42,147
7,21,2021,12,52,148
7,21,2021,12,52,149
7,21,2021,12,52,150
7,21,2021,12,53,151
7,21,2021,12,53,152
7,21,2021,12,54,153
7,21,2021,12,54,154
7,21,2021,12,55,155
7,21,2021,12,57,156
7,21,2021,12,59,157
7,22,2021,13,18,158
7,22,2021,13,25,159
7,22,2021,16,16,160
7,23,2021,12,46,161
7,23,2021,12,47,162
7,23,2021,12,48,163
7,23,2021,12,49,164
7,23,2021,12,49,165
7,23,2021,12,52,166
7,23,2021,12,53,167
7,23,2021,12,54,168
7,23,2021,12,54,169
7,23,2021,12,56,170
7,23,2021,12,58,171
7,23,2021,13,0,172
7,23,2021,13,1,173
7,23,2021,13,5,174
7,23,2021,13,7,175
7,23,2021,13,10,176
7,23,2021,13,14,177
7,23,2021,13,39,178
7,30,2021,13,10,179
7,30,2021,13,12,180
7,30,2021,13,13,181
7,30,2021,13,13,182
7,30,2021,13,14,183
7,30,2021,13,14,184
7,30,2021,13,15,185
7,30,2021,13,15,186
7,30,2021,13,17,187
7,30,2021,13,18,188
7,30,2021,13,19,189
7,30,2021,13,22,190
7,30,2021,13,23,191
7,30,2021,13,24,192
7,30,2021,13,24,193
7,30,2021,13,25,194
7,30,2021,13,26,195
7,30,2021,13,27,196
7,30,2021,13,28,197
7,30,2021,13,30,198
7,30,2021,13,31,199
7,30,2021,13,33,200
7,30,2021,13,35,201
7,30,2021,13,36,202
7,30,2021,13,38,203
7,30,2021,13,40,204
7,30,2021,13,45,205
7,30,2021,15,21,206
7,30,2021,15,48,207
7,30,2021,16,2,208
7,30,2021,16,58,209
7,30,2021,17,5,210
7,30,2021,17,43,211
7,30,2021,17,48,212
7,30,2021,18,9,213
7,30,2021,18,10,214
7,30,2021,18,11,215
7,31,2021,14,23,216
7,31,2021,14,43,217
7,31,2021,15,34,218
7,31,2021,16,56,219
8,2,2021,14,49,220
8,2,2021,15,0,221
8,2,2021,15,2,222
8,2,2021,15,3,223
8,2,2021,15,3,224
8,2,2021,15,4,225
8,2,2021,15,4,226
8,2,2021,15,4,227
8,2,2021,15,4,228
8,2,2021,15,4,229
8,2,2021,15,5,230
8,2,2021,15,5,231
8,2,2021,15,5,232
8,2,2021,15,5,233
8,2,2021,15,6,234
8,2,2021,15,6,235
8,2,2021,15,6,236
8,2,2021,15,6,237
8,2,2021,15,6,238
8,2,2021,15,7,239
8,2,2021,15,7,240
8,2,2021,15,7,241
8,2,2021,15,7,242
8,2,2021,15,7,243
8,2,2021,15,7,244
8,2,2021,15,7,245
8,2,2021,15,7,246
8,2,2021,15,7,247
8,2,2021,15,8,248
8,2,2021,15,8,249
8,2,2021,15,8,250
8,2,2021,15,8,251
8,2,2021,15,8,252
8,2,2021,15,8,253
8,2,2021,15,9,254
8,2,2021,15,9,255
8,2,2021,15,9,256
8,2,2021,15,10,257
8,2,2021,15,11,258
8,2,2021,15,12,259
8,2,2021,15,13,260
8,2,2021,15,16,261
8,2,2021,15,25,262
8,2,2021,15,26,263
8,2,2021,15,27,264
8,2,2021,15,28,265
8,2,2021,15,31,266
8,2,2021,15,33,267
8,2,2021,15,35,268
8,2,2021,15,37,269
8,2,2021,15,39,270
8,2,2021,15,40,271
8,2,2021,15,41,272
8,2,2021,15,42,273
8,2,2021,15,46,274
8,2,2021,15,48,275
8,2,2021,15,51,276
8,2,2021,15,53,277
8,2,2021,15,54,278
8,2,2021,15,56,279
8,2,2021,15,59,280
8,2,2021,16,0,281
8,2,2021,16,1,282
8,2,2021,16,3,283
8,2,2021,16,16,284
8,2,2021,16,29,285
8,2,2021,16,32,286
8,2,2021,16,35,287
8,2,2021,16,40,288
8,2,2021,16,42,289
8,2,2021,16,43,290
8,2,2021,16,44,291
8,2,2021,16,46,292
8,2,2021,16,48,293
8,2,2021,16,55,294
8,2,2021,16,56,295
8,2,2021,16,57,296
8,2,2021,16,59,297
8,2,2021,17,1,298
8,2,2021,17,4,299
8,2,2021,17,7,300
8,2,2021,17,9,301
8,2,2021,17,13,302
8,2,2021,17,15,303
8,2,2021,17,17,304
8,2,2021,17,19,305
8,2,2021,17,21,306
8,2,2021,17,24,307
8,2,2021,17,26,308
8,2,2021,17,29,309
8,2,2021,17,31,310
8,2,2021,17,32,311
8,2,2021,17,36,312
8,2,2021,17,39,313
8,2,2021,17,41,314
8,2,2021,17,43,315
8,2,2021,17,50,316
8,2,2021,18,6,317
8,2,2021,18,30,318
8,3,2021,9,33,319
8,3,2021,10,28,320
8,3,2021,10,53,321
8,3,2021,11,30,322
8,3,2021,12,21,323
8,3,2021,13,12,324
8,3,2021,15,59,325
8,3,2021,16,21,326
8,3,2021,17,20,327
8,3,2021,17,28,328
8,3,2021,17,40,329
8,3,2021,17,47,330
8,3,2021,17,51,331
8,3,2021,17,59,332
8,3,2021,18,2,333
8,3,2021,18,5,334
8,3,2021,18,7,335
8,3,2021,18,10,336
8,3,2021,18,12,337
8,3,2021,18,14,338
8,3,2021,18,16,339
8,3,2021,18,20,340
8,3,2021,18,24,341
8,3,2021,18,28,342
8,3,2021,18,32,343
8,3,2021,18,37,344
8,3,2021,18,42,345
8,3,2021,18,47,346
8,3,2021,18,52,347
8,3,2021,19,0,348
8,3,2021,19,6,349
8,3,2021,19,12,350
8,3,2021,19,18,351
8,3,2021,19,22,352
8,3,2021,19,26,353
8,3,2021,19,28,354
8,3,2021,19,35,355
8,3,2021,20,2,356
8,3,2021,20,11,357
8,3,2021,22,3,358
8,6,2021,11,51,359
8,6,2021,11,52,360
8,6,2021,11,53,361
8,6,2021,11,54,362
8,6,2021,11,54,363
8,6,2021,13,9,364
8,6,2021,15,12,365
8,6,2021,15,19,366
8,6,2021,15,19,367
8,6,2021,15,19,368
8,6,2021,15,20,369
8,6,2021,15,20,370
8,6,2021,15,21,371
8,6,2021,15,21,372
8,6,2021,17,43,373
8,6,2021,17,44,374
8,6,2021,17,44,375
8,6,2021,17,45,376
8,6,2021,17,45,377
8,6,2021,17,46,378
8,6,2021,17,47,379
8,6,2021,17,49,380
8,6,2021,17,50,381
8,6,2021,17,50,382
8,6,2021,17,52,383
8,6,2021,17,55,384
8,6,2021,17,59,385
8,6,2021,18,5,386
8,6,2021,18,13,387
8,6,2021,18,24,388
8,6,2021,18,34,389
8,6,2021,19,8,390
8,6,2021,19,18,391
8,6,2021,19,28,392
8,6,2021,20,16,393
8,6,2021,20,18,394
8,6,2021,20,20,395
8,6,2021,20,41,396
8,6,2021,21,13,397
8,6,2021,21,32,398
8,6,2021,22,41,399
8,13,2021,15,12,400
8,13,2021,15,14,401
8,13,2021,15,16,402
8,14,2021,18,18,403
8,15,2021,15,8,404
8,16,2021,14,36,405
8,16,2021,14,38,406
8,16,2021,14,39,407
8,16,2021,14,40,408
8,16,2021,14,41,409
8,16,2021,14,43,410
8,16,2021,14,44,411
8,16,2021,14,45,412
8,16,2021,14,45,413
8,16,2021,14,46,414
8,16,2021,14,46,415
8,16,2021,14,47,416
8,16,2021,14,47,417
8,16,2021,14,48,418
8,16,2021,14,48,419
8,16,2021,14,49,420
8,16,2021,14,50,421
8,16,2021,14,50,422
8,16,2021,14,51,423
8,16,2021,14,52,424
8,16,2021,14,52,425
8,16,2021,14,53,426
8,16,2021,14,54,427
8,16,2021,14,54,428
8,16,2021,14,54,429
8,16,2021,14,55,430
8,16,2021,14,55,431
8,16,2021,14,56,432
8,16,2021,14,56,433
8,16,2021,14,57,434
8,16,2021,14,57,435
8,16,2021,14,58,436
8,16,2021,14,58,437
8,16,2021,14,58,438
8,16,2021,14,59,439
8,16,2021,15,0,440
8,16,2021,15,0,441
8,16,2021,15,2,442
8,16,2021,15,2,443
8,16,2021,15,3,444
8,16,2021,15,4,445
8,16,2021,15,6,446
8,16,2021,15,6,447
8,16,2021,15,7,448
8,16,2021,15,8,449
8,16,2021,15,9,450
8,16,2021,15,10,451
8,16,2021,15,11,452
8,16,2021,15,12,453
8,16,2021,15,13,454
8,16,2021,15,14,455
8,16,2021,15,16,456
8,16,2021,15,17,457
8,16,2021,15,19,458
8,16,2021,15,21,459
8,16,2021,15,23,460
8,16,2021,15,25,461
8,16,2021,15,28,462
8,16,2021,15,31,463
8,16,2021,15,40,464
8,16,2021,15,45,465
8,16,2021,15,51,466
8,16,2021,15,57,467
8,16,2021,16,2,468
8,16,2021,16,8,469
8,16,2021,16,13,470
8,16,2021,16,20,471
8,16,2021,16,25,472
8,16,2021,16,31,473
8,16,2021,16,41,474
8,16,2021,16,47,475
8,16,2021,16,54,476
8,16,2021,17,1,477
8,16,2021,17,6,478
8,16,2021,17,17,479
8,17,2021,14,17,480
8,17,2021,14,20,481
8,17,2021,14,22,482
8,17,2021,14,23,483
8,17,2021,20,36,484
8,18,2021,16,35,485
8,18,2021,21,10,486
8,18,2021,21,11,487
8,18,2021,21,12,488
8,18,2021,21,14,489
8,18,2021,21,16,490
8,18,2021,21,17,491
8,18,2021,21,18,492
8,18,2021,21,19,493
8,18,2021,21,36,494
8,18,2021,21,41,495
8,18,2021,21,50,496
8,18,2021,21,53,497
8,19,2021,7,34,498
8,19,2021,7,53,499
8,19,2021,8,6,500
8,19,2021,8,18,501
8,19,2021,8,27,502
8,19,2021,8,31,503
8,19,2021,8,35,504
8,19,2021,8,42,505
8,19,2021,8,59,506
8,19,2021,9,29,507
8,19,2021,9,45,508
8,19,2021,9,58,509
8,19,2021,16,13,510
8,19,2021,16,18,511
8,19,2021,16,21,512
8,19,2021,16,25,513
8,19,2021,16,29,514
8,19,2021,16,37,515
8,19,2021,17,39,516
8,19,2021,17,41,517
8,19,2021,17,42,518
8,19,2021,22,54,519
8,19,2021,23,30,520
8,19,2021,23,58,521
8,20,2021,0,8,522
8,20,2021,0,15,523
8,20,2021,0,20,524
8,20,2021,0,23,525
8,20,2021,0,31,526
8,20,2021,0,35,527
8,20,2021,0,40,528
8,20,2021,0,44,529
8,20,2021,0,54,530
8,20,2021,1,2,531
8,20,2021,1,8,532
8,20,2021,1,13,533
8,20,2021,1,18,534
8,20,2021,1,24,535
8,20,2021,1,46,536
8,20,2021,1,56,537
8,20,2021,2,8,538
8,20,2021,2,48,539
8,20,2021,6,2,540
8,20,2021,6,45,541
8,21,2021,14,0,542
8,21,2021,14,16,543
8,26,2021,9,59,544
8,26,2021,10,3,545
8,26,2021,10,7,546
8,26,2021,10,10,547
8,26,2021,10,14,548
8,26,2021,10,15,549
8,26,2021,10,16,550
8,26,2021,10,17,551
8,26,2021,10,19,552
8,26,2021,10,21,553
8,26,2021,10,22,554
8,26,2021,10,23,555
8,26,2021,10,26,556
8,26,2021,10,27,557
8,26,2021,11,18,558
8,26,2021,20,12,559
8,26,2021,20,13,560
8,26,2021,20,15,561
8,26,2021,20,15,562
8,26,2021,20,17,563
8,26,2021,20,18,564
8,26,2021,20,20,565
8,26,2021,20,22,566
8,26,2021,20,24,567
8,26,2021,20,26,568
8,26,2021,20,27,569
8,26,2021,20,28,570
8,26,2021,20,30,571
8,26,2021,20,32,572
8,26,2021,20,34,573
8,26,2021,20,37,574
8,26,2021,20,38,575
8,26,2021,20,39,576
8,26,2021,20,40,577
8,26,2021,20,42,578
8,26,2021,20,42,579
8,26,2021,20,43,580
8,26,2021,20,45,581
8,26,2021,20,47,582
8,26,2021,20,49,583
8,26,2021,20,50,584
8,26,2021,20,53,585
8,26,2021,22,35,586
8,27,2021,0,4,587
9,1,2021,17,31,588
9,1,2021,17,44,589
9,1,2021,17,54,590
9,1,2021,17,58,591
9,1,2021,18,6,592
9,1,2021,18,16,593
9,1,2021,18,39,594
9,1,2021,18,51,595
9,1,2021,19,2,596
9,1,2021,19,18,597
9,2,2021,1,53,598
9,2,2021,11,1,599
9,3,2021,15,37,600
9,3,2021,15,41,601
9,3,2021,15,43,602
9,3,2021,15,44,603
9,3,2021,15,45,604
9,3,2021,15,47,605
9,3,2021,15,48,606
9,3,2021,15,51,607
9,4,2021,11,0,608
9,11,2021,18,53,609
9,11,2021,19,20,610
9,12,2021,12,40,611
9,12,2021,13,29,612
9,12,2021,13,30,613
9,12,2021,13,31,614
9,12,2021,13,33,615
9,12,2021,23,30,616
9,13,2021,5,36,617
9,13,2021,5,44,618
9,13,2021,5,54,619
9,13,2021,9,0,620
9,13,2021,12,48,621
9,13,2021,21,42,622
9,13,2021,21,42,623
9,13,2021,21,43,624
9,13,2021,21,43,625
9,13,2021,21,44,626
9,13,2021,21,45,627
9,13,2021,21,48,628
9,13,2021,21,52,629
9,13,2021,21,55,630
9,13,2021,22,35,631
9,13,2021,22,48,632
9,13,2021,22,50,633
9,13,2021,22,51,634
9,13,2021,22,58,635
9,14,2021,1,2,636
9,14,2021,2,9,637
9,14,2021,11,11,638
9,19,2021,22,19,639
9,19,2021,22,28,640
9,19,2021,22,37,641
9,19,2021,22,50,642
9,20,2021,8,54,643
9,20,2021,9,5,644
9,20,2021,9,6,645
9,20,2021,9,6,646
9,20,2021,9,7,647
9,20,2021,9,7,648
9,20,2021,9,7,649
9,20,2021,9,7,650
9,20,2021,9,7,651
9,20,2021,9,8,652
9,20,2021,9,9,653
9,20,2021,9,12,654
9,20,2021,9,18,655
9,20,2021,9,25,656
9,20,2021,9,26,657
9,21,2021,8,36,658
9,21,2021,8,37,659
9,21,2021,8,37,660
9,21,2021,8,37,661
9,21,2021,8,38,662
9,28,2021,17,8,663
9,28,2021,17,19,664
9,28,2021,18,11,665
9,28,2021,18,20,666
9,28,2021,18,39,667
9,28,2021,19,14,668
9,28,2021,19,27,669
9,28,2021,19,47,670
9,28,2021,19,59,671
9,28,2021,20,5,672
9,28,2021,20,14,673
9,28,2021,20,54,674
9,29,2021,2,2,675
9,29,2021,5,16,676
9,29,2021,5,24,677
9,29,2021,6,44,678
9,29,2021,7,10,679
9,29,2021,11,52,680
9,29,2021,11,58,681
9,29,2021,12,3,682
9,29,2021,12,8,683
9,29,2021,12,56,684
9,29,2021,13,0,685
9,29,2021,13,14,686
9,29,2021,13,20,687
9,29,2021,13,23,688
9,29,2021,13,32,689
9,29,2021,14,20,690
9,29,2021,15,34,691
9,29,2021,15,38,692
9,29,2021,15,41,693
9,29,2021,15,44,694
9,29,2021,15,48,695
9,29,2021,15,51,696
9,29,2021,15,54,697
9,29,2021,15,57,698
9,29,2021,16,3,699
9,29,2021,16,20,700
9,30,2021,2,13,701
10,1,2021,16,23,702
10,8,2021,14,21,703
10,8,2021,14,26,704
10,8,2021,14,31,705
10,8,2021,14,36,706
10,8,2021,14,40,707
10,8,2021,14,54,708
10,8,2021,15,0,709
10,8,2021,15,9,710
10,8,2021,15,16,711
10,8,2021,15,20,712
10,8,2021,15,25,713
10,8,2021,15,30,714
10,8,2021,15,40,715
10,8,2021,15,54,716
10,8,2021,16,0,717
10,8,2021,16,5,718
10,8,2021,16,9,719
10,8,2021,16,12,720
10,8,2021,16,15,721
10,8,2021,16,18,722
10,8,2021,16,20,723
10,8,2021,16,25,724
10,8,2021,16,27,725
10,8,2021,16,32,726
10,8,2021,16,42,727
10,8,2021,17,11,728
10,8,2021,17,16,729
10,8,2021,23,1,730
10,8,2021,23,6,731
10,8,2021,23,20,732
10,9,2021,3,36,733
10,9,2021,3,38,734
10,9,2021,3,42,735
10,9,2021,3,45,736
10,9,2021,3,48,737
10,9,2021,3,52,738
10,9,2021,3,54,739
10,9,2021,3,57,740
10,9,2021,4,3,741
10,9,2021,4,41,742
10,9,2021,4,51,743
10,9,2021,5,29,744
10,9,2021,6,0,745
10,9,2021,7,2,746
10,9,2021,7,25,747
10,9,2021,7,43,748
10,9,2021,7,54,749
10,9,2021,8,45,750
10,9,2021,11,59,751
10,9,2021,12,41,752
10,9,2021,12,51,753
10,9,2021,13,5,754
10,9,2021,13,11,755
10,9,2021,13,17,756
10,9,2021,13,24,757
10,9,2021,13,33,758
10,9,2021,14,1,759
10,9,2021,14,8,760
10,9,2021,14,16,761
10,9,2021,15,43,762
10,10,2021,9,9,763
10,10,2021,9,44,764
10,10,2021,10,0,765
10,10,2021,10,20,766
10,10,2021,12,21,767
10,12,2021,13,20,768
10,12,2021,13,24,769
10,12,2021,13,35,770
10,12,2021,14,51,771
10,13,2021,11,46,772
10,13,2021,11,58,773
10,13,2021,12,2,774
10,13,2021,12,4,775
10,13,2021,12,7,776
10,13,2021,12,10,777
10,13,2021,12,15,778
10,13,2021,12,19,779
10,13,2021,12,24,780
10,13,2021,12,28,781
10,13,2021,12,33,782
10,13,2021,12,37,783
10,13,2021,12,42,784
10,13,2021,12,46,785
10,13,2021,12,52,786
10,13,2021,12,58,787
10,13,2021,13,5,788
10,13,2021,13,10,789
10,13,2021,13,19,790
10,13,2021,13,27,791
10,13,2021,13,48,792
10,13,2021,14,12,793
10,13,2021,14,39,794
10,14,2021,10,13,795
10,14,2021,10,19,796
10,14,2021,10,30,797
10,14,2021,11,0,798
10,14,2021,11,31,799
10,14,2021,12,17,800
10,14,2021,12,38,801
10,14,2021,12,55,802
10,14,2021,13,30,803
10,15,2021,12,50,804
10,15,2021,13,23,805
10,16,2021,8,39,806
10,16,2021,8,52,807
10,16,2021,9,4,808
10,16,2021,9,12,809
10,16,2021,9,19,810
10,16,2021,9,27,811
10,16,2021,9,34,812
10,16,2021,9,40,813
10,16,2021,9,48,814
10,16,2021,9,59,815
10,16,2021,10,8,816
10,16,2021,10,15,817
10,16,2021,10,23,818
10,16,2021,10,29,819
10,16,2021,10,36,820
10,16,2021,10,44,821
10,16,2021,10,52,822
10,16,2021,11,6,823
10,16,2021,11,22,824
10,16,2021,11,35,825
10,16,2021,11,42,826
10,16,2021,11,53,827
10,16,2021,12,1,828
10,16,2021,12,10,829
10,16,2021,12,19,830
10,16,2021,12,26,831
10,16,2021,12,33,832
10,16,2021,12,38,833
10,16,2021,12,45,834
10,16,2021,12,50,835
10,16,2021,12,55,836
10,16,2021,13,2,837
10,16,2021,13,16,838
10,19,2021,20,20,839
10,20,2021,9,10,840
10,20,2021,9,10,841
10,20,2021,9,18,842
10,24,2021,9,47,843
10,24,2021,9,51,844
10,24,2021,9,56,845
10,24,2021,10,1,846
10,24,2021,10,14,847
10,24,2021,10,34,848
10,24,2021,10,42,849
10,24,2021,10,56,850
10,24,2021,11,12,851
10,24,2021,11,23,852
10,24,2021,11,29,853
10,25,2021,10,39,854
